kode,nama,merek,kategori,deskripsi,harga
AHA9CAY,SHARP-AHA9CAY,SHARP,AC,"TIPE BARU, ALUMINIUM",3100000
AHA5BEY,SHARP-AHA5BEY,SHARP,AC,TIPE BARU,2750000
AHA7BEY,SHARP-AHA7BEY,SHARP,AC,TIPE BARU,3100000
AHA9BEY,SHARP-AHA9BEY,SHARP,AC,TIPE BARU,3250000
AHA5DEY,SHARP-AHA5DEY,SHARP,AC,"TIPE BARU, ADA LAYAR SUHU",2840000
AHA7DEY,SHARP-AHA7DEY,SHARP,AC,"TIPE BARU, ADA LAYAR SUHU",3150000
AHA9DEY,SHARP-AHA9DEY,SHARP,AC,"TIPE BARU, ADA LAYAR SUHU",3345000
AHA9BEYT,SHARP-AHA9BEYT,SHARP,AC,"TIPE BARU, WARNA HITAM",3325000
AHA5ZCY,SHARP-AHA5ZCY,SHARP,AC,TIPE BARU,3025000
AHA9ZCY,SHARP-AHA9ZCY,SHARP,AC,TIPE BARU,3425000
AHA12ZCY,SHARP-AHA12ZCY,SHARP,AC,TIPE BARU,4900000
AHA18ZCY,SHARP-AHA18ZCY,SHARP,AC,TIPE BARU,6455000
AHA24ZCY,SHARP-AHA24ZCY,SHARP,AC,TIPE BARU,8435000
AHA12SAY,SHARP-AHA12SAY,SHARP,AC,"PRODUK THAILAND, STANDARD",4750000
AHA18SAY,SHARP-AHA18SAY,SHARP,AC,"PRODUK THAILAND, STANDARD",6250000
AHAP7SSY,SHARP-AHAP7SSY,SHARP,AC,"PRODUK THAILAND, PLASMACLUSTER",3300000
AHX6BEY,SHARP-AHX6BEY,SHARP,AC,"INVERTER, LOKAL",3380000
AHX10BEY,SHARP-AHX10BEY,SHARP,AC,"INVERTER, LOKAL",3670000
AHX13BEY,SHARP-AHX13BEY,SHARP,AC,"INVERTER, LOKAL",3990000
AHX13ZY,SHARP-AHX13ZY,SHARP,AC,"INVERTER, PRODUK THAILAND",3925000
AHX18ZY,SHARP-AHX18ZY,SHARP,AC,"INVERTER, PRODUK THAILAND",6500000
AHXP6BMY,SHARP-AHXP6BMY,SHARP,AC,"INVERTER, PLASMACLUSTER, LOKAL",3815000
AHXP10BMY,SHARP-AHXP10BMY,SHARP,AC,"INVERTER, PLASMACLUSTER, LOKAL",4160000
AHAP5BMY,SHARP-AHAP5BMY,SHARP,AC,"PLASMACLUSTER, LOKAL",3275000
AHAP7BMY,SHARP-AHAP7BMY,SHARP,AC,"PLASMACLUSTER, LOKAL",3375000
AHAP9BMY,SHARP-AHAP9BMY,SHARP,AC,"PLASMACLUSTER, LOKAL",3610000
K05NSA,LG-K05NSA,LG,AC,"STANDAR TURBOCOOL, NEW TERMINATOR",2780000
K07NSA,LG-K07NSA,LG,AC,"STANDAR TURBOCOOL, NEW TERMINATOR",3000000
K09NSA,LG-K09NSA,LG,AC,"STANDAR TURBOCOOL, NEW TERMINATOR",3272000
K05NSB,LG-K05NSB,LG,AC,"STANDAR TURBOCOOL, NEW TERMINATOR PREMIUM",3520000
K05NVA,LG-K05NVA,LG,AC,"DUALCOOL, NEW TERMINATOR, INVERTER SERIES",3560000
K09NVA,LG-K09NVA,LG,AC,"DUALCOOL, NEW TERMINATOR, INVERTER SERIES",3815000
T09EV5,LG-T09EV5,LG,AC,"DUALCOOL, NEW TERMINATOR, INVERTER SERIES",3800000
K05NVB,LG-K05NVB,LG,AC,"DUALCOOL, PREMIUM INVERTER",4870000
K09NVB,LG-K09NVB,LG,AC,"DUALCOOL, PREMIUM INVERTER",5100000
SJ195MNHS,SHARP-SJ195MNHS,SHARP,Kulkas,"2 PINTU, MOTIF PINTU POLOS",2665000
SJ236MNHS,SHARP-SJ236MNHS,SHARP,Kulkas,"2 PINTU, MOTIF PINTU POLOS",2805000
SJ316MNHS,SHARP-SJ316MNHS,SHARP,Kulkas,"2 PINTU, MOTIF PINTU POLOS",3325000
SJ195MD,SHARP-SJ195MD,SHARP,Kulkas,"2 PINTU, MOTIF PINTU POLOS",2675000
SJ195MD-SB/SY,SHARP-SJ195MD-SB/SY,SHARP,Kulkas,"2 PINTU, MOTIF PINTU POLOS",2685000
SJ246SIGK,SHARP-SJ246SIGK,SHARP,Kulkas,"2 PINTU, MOTIF PINTU POLOS",3475000
SJ326SIGK,SHARP-SJ326SIGK,SHARP,Kulkas,"2 PINTU, MOTIF PINTU POLOS",3910000
SJ426SIGK,SHARP-SJ426SIGK,SHARP,Kulkas,"2 PINTU, MOTIF PINTU POLOS",5025000
SJ456SIGK,SHARP-SJ456SIGK,SHARP,Kulkas,"2 PINTU, MOTIF PINTU POLOS",5500000
SJ420GPSD,SHARP-SJ420GPSD,SHARP,Kulkas,"2 PINTU, MOTIF PINTU POLOS MENGGUNAKAN GAGANG PINTU",4500000
SJ450GPSD,SHARP-SJ450GPSD,SHARP,Kulkas,"2 PINTU, MOTIF PINTU POLOS MENGGUNAKAN GAGANG PINTU",5086000
SJ197ND,SHARP-SJ197ND,SHARP,Kulkas,"2 PINTU, MOTIF PINTU AURA",2675000
SJ237ND,SHARP-SJ237ND,SHARP,Kulkas,"2 PINTU, MOTIF PINTU AURA",2925000
SJ237MG,SHARP-SJ237MG,SHARP,Kulkas,"2 PINTU, MOTIF PINTU DANDELION",2975000
SJ317MG,SHARP-SJ317MG,SHARP,Kulkas,"2 PINTU, MOTIF PINTU DANDELION",3425000
SJ236MG,SHARP-SJ236MG,SHARP,Kulkas,"2 PINTU, MOTIF PINTU GEOMETRIC",2975000
SJ316MG,SHARP-SJ316MG,SHARP,Kulkas,"2 PINTU, MOTIF PINTU GEOMETRIC",3425000
SJ326XG,SHARP-SJ326XG,SHARP,Kulkas,"2 PINTU, MOTIF PINTU SUDAH MENGGUNAKAN LAPISAN KACA",4140000
SJ246XIMK,SHARP-SJ246XIMK,SHARP,Kulkas,"2 PINTU, MOTIF PINTU SUDAH MENGGUNAKAN KACA WARNA HITAM POLOS, SUDAH INVERTER",3935000
SJ326XIMK,SHARP-SJ326XIMK,SHARP,Kulkas,"2 PINTU, MOTIF PINTU SUDAH MENGGUNAKAN KACA WARNA HITAM POLOS, SUDAH INVERTER",4375000
SJ426GIMK,SHARP-SJ426GIMK,SHARP,Kulkas,"2 PINTU, MOTIF PINTU SUDAH MENGGUNAKAN KACA WARNA HITAM POLOS, SUDAH INVERTER",5286000
SJ456GIMK,SHARP-SJ456GIMK,SHARP,Kulkas,"2 PINTU, MOTIF PINTU SUDAH MENGGUNAKAN KACA WARNA HITAM POLOS, SUDAH INVERTER",5750000
SJ426GIMS,SHARP-SJ426GIMS,SHARP,Kulkas,"2 PINTU, MOTIF PINTU KACA WARNA SILVER POLOS, SUDAH INVERTER",5490000
SJ456GIMS,SHARP-SJ456GIMS,SHARP,Kulkas,"2 PINTU, MOTIF PINTU KACA WARNA SILVER POLOS, SUDAH INVERTER",5960000
SJ426GI-GW,SHARP-SJ426GI-GW,SHARP,Kulkas,"2 PINTU, MAGIC NOTE (PINTU KULKAS BISA UNTUK BUAT CATATAN)",5285000
SJ456GI-GW,SHARP-SJ456GI-GW,SHARP,Kulkas,"2 PINTU, MAGIC NOTE (PINTU KULKAS BISA UNTUK BUAT CATATAN)",5760000
SJ356SIDS,SHARP-SJ356SIDS,SHARP,Kulkas,"2 PINTU, TIPE TERBARU, NANO DEODORIZER",4250000
SJ386SIDS,SHARP-SJ386SIDS,SHARP,Kulkas,"2 PINTU, TIPE TERBARU, NANO DEODORIZER",4600000
GNB202SQIR,LG-GNB202SQIR,LG,Kulkas,"2 PINTU, NON INVERTER",3353000
GNB202SFIF,LG-GNB202SFIF,LG,Kulkas,"2 PINTU, INVERTER",3509000
GNB202SQIF,LG-GNB202SQIF,LG,Kulkas,"2 PINTU, INVERTER",3581000
GNB222SFIF,LG-GNB222SFIF,LG,Kulkas,"2 PINTU, INVERTER",3667000
GNB222SQQF,LG-GNB222SQQF,LG,Kulkas,"2 PINTU, INVERTER",3627000
GN304SQBR,LG-GN304SQBR,LG,Freezer,"NON INVERTER, SILVER",3028000
GN304SHBR,LG-GN304SHBR,LG,Freezer,"NON INVERTER, HITAM",3130000
GNINV304SL,LG-GNINV304SL,LG,Freezer,"INVERTER, SILVER",3317000
P7000,LG-P7000,LG,Mesin Cuci,2 TABUNG,2400000
P8000,LG-P8000,LG,Mesin Cuci,2 TABUNG,2610000
P9050R/RTB,LG-P9050R/RTB,LG,Mesin Cuci,2 TABUNG,2747000
P1000RTM,LG-P1000RTM,LG,Mesin Cuci,2 TABUNG,2886000
P1000RT,LG-P1000RT,LG,Mesin Cuci,2 TABUNG,2765000
P1200RT,LG-P1200RT,LG,Mesin Cuci,2 TABUNG,3417000
P1400RT/RTM,LG-P1400RT/RTM,LG,Mesin Cuci,2 TABUNG,3588000
P1500RTM,LG-P1500RTM,LG,Mesin Cuci,2 TABUNG,3746000
P1700RT/RTB,LG-P1700RT/RTB,LG,Mesin Cuci,2 TABUNG,3860000
P1800RTM,LG-P1800RTM,LG,Mesin Cuci,2 TABUNG,3970000
32LB550,LG-32LB550,LG,TV,DIGITAL,1880000
43LB5500,LG-43LB5500,LG,TV,DIGITAL,2990000
32LB655,LG-32LB655,LG,TV,AI SMART TV,2778500
43NU850,LG-43NU850,LG,TV,"NANO, AI TV, UHD 4K, REMOTE BIASA",4020000
50NU850,LG-50NU850,LG,TV,"NANO, AI TV, UHD 4K, REMOTE BIASA",5183000
55NU850,LG-55NU850,LG,TV,"NANO, AI TV, UHD 4K, REMOTE BIASA",7304000
43NU835,LG-43NU835,LG,TV,"NANO, AI TV, UHD 4K, AI MAGIC REMOTE",4350000
50NU835,LG-50NU835,LG,TV,"NANO, AI TV, UHD 4K, AI MAGIC REMOTE",5570000
65NU805,LG-65NU805,LG,TV,"NANO, AI TV, UHD 4K, AI MAGIC REMOTE",8825000
65NU855,LG-65NU855,LG,TV,"NANO, AI TV, UHD 4K, AI MAGIC REMOTE",8825000
75NU805,LG-75NU805,LG,TV,"NANO, AI TV, UHD 4K, AI MAGIC REMOTE",12500000
85NU805,LG-85NU805,LG,TV,"NANO, AI TV, UHD 4K, AI MAGIC REMOTE",22800000
43QNED70BSA,LG-43QNED70BSA,LG,TV,"QNED, AI TV, AI MAGIC REMOTE",4805000
50QNED70BSA,LG-50QNED70BSA,LG,TV,"QNED, AI TV, AI MAGIC REMOTE",6350000
55QNED70BSA,LG-55QNED70BSA,LG,TV,"QNED, AI TV, AI MAGIC REMOTE",7455000
65QNED70BSA,LG-65QNED70BSA,LG,TV,"QNED, AI TV, AI MAGIC REMOTE",9650000
75QNED86ASA,LG-75QNED86ASA,LG,TV,"QNED, AI TV, AI MAGIC REMOTE",23800000
75QNED86TSA,LG-75QNED86TSA,LG,TV,"QNED, AI TV, AI MAGIC REMOTE",23800000
86QNED86ASA,LG-86QNED86ASA,LG,TV,"QNED, AI TV, AI MAGIC REMOTE",35700000
100QNED86ASA,LG-100QNED86ASA,LG,TV,"QNED, AI TV, AI MAGIC REMOTE",44200000
55C5PSA,LG-55C5PSA,LG,TV,"OLED, AI TV, AI MAGIC REMOTE",20350000
55LX1QPSA,LG-55LX1QPSA,LG,TV,"OLED, AI TV, AI MAGIC REMOTE",26300000
77C5PSA,LG-77C5PSA,LG,TV,"OLED, AI TV, AI MAGIC REMOTE",46200000
PLD 24CV1869/Y,POLYTRON-PLD 24CV1869/Y,POLYTRON,TV,LED TV 24 INCH,1717000
PLD 24TV1855/Y,POLYTRON-PLD 24TV1855/Y,POLYTRON,TV,LED TV 24 INCH,1455000
PLD 24V1853/Y,POLYTRON-PLD 24V1853/Y,POLYTRON,TV,LED TV 24 INCH,1347000
PLD 24V223,POLYTRON-PLD 24V223,POLYTRON,TV,LED TV 24 INCH,1493000
PLD 32BG5058,POLYTRON-PLD 32BG5058,POLYTRON,TV,LED TV 32 INCH,2962000
PLD 32TG5055,POLYTRON-PLD 32TG5055,POLYTRON,TV,LED TV 32 INCH,2827000
PLD 32RG5059,POLYTRON-PLD 32RG5059,POLYTRON,TV,LED TV 32 INCH,2670000
PLD 32CV2269,POLYTRON-PLD 32CV2269,POLYTRON,TV,LED TV 32 INCH,2246000
PLD 32TC1865,POLYTRON-PLD 32TC1865,POLYTRON,TV,LED TV 32 INCH,2402000
PLD 32TV1755,POLYTRON-PLD 32TV1755,POLYTRON,TV,LED TV 32 INCH,1884000
PLD 32V1853,POLYTRON-PLD 32V1853,POLYTRON,TV,LED TV 32 INCH,1776000
PLD 32BV2258,POLYTRON-PLD 32BV2258,POLYTRON,TV,LED TV 32 INCH,2039000
PLD 40CV8969,POLYTRON-PLD 40CV8969,POLYTRON,TV,LED TV 40 INCH,2973000
PLD 40RG9059,POLYTRON-PLD 40RG9059,POLYTRON,TV,LED TV 40 INCH,3241000
PLD 43BG5058,POLYTRON-PLD 43BG5058,POLYTRON,TV,LED TV 43 INCH,4091000
PLD 43RG9059,POLYTRON-PLD 43RG9059,POLYTRON,TV,LED TV 43 INCH,3764000
PLD 43TG5055,POLYTRON-PLD 43TG5055,POLYTRON,TV,LED TV 43 INCH,3916000
PLD 43BUG5058,POLYTRON-PLD 43BUG5058,POLYTRON,TV,LED TV 43 INCH,4778000
PLD 43UG3059,POLYTRON-PLD 43UG3059,POLYTRON,TV,LED TV 43 INCH,4408000
PLD 43CV8869,POLYTRON-PLD 43CV8869,POLYTRON,TV,LED TV 43 INCH,3337000
PLD 43V8853,POLYTRON-PLD 43V8853,POLYTRON,TV,LED TV 43 INCH,2865000
PLD 50BUG3058,POLYTRON-PLD 50BUG3058,POLYTRON,TV,LED TV 50 INCH,5863000
PLD 50QG3059,POLYTRON-PLD 50QG3059,POLYTRON,TV,LED TV 50 INCH,5738000
PLD 50UG3059,POLYTRON-PLD 50UG3059,POLYTRON,TV,LED TV 50 INCH,5444000
PLD 55BUG5058,POLYTRON-PLD 55BUG5058,POLYTRON,TV,LED TV 55 INCH,6888000
PLD 55QG3059,POLYTRON-PLD 55QG3059,POLYTRON,TV,LED TV 55 INCH,6781000
PLD 55UG3059,POLYTRON-PLD 55UG3059,POLYTRON,TV,LED TV 55 INCH,6468000
PLD 65UG5059,POLYTRON-PLD 65UG5059,POLYTRON,TV,LED TV 65 INCH,8235000
PLD 75UG5059,POLYTRON-PLD 75UG5059,POLYTRON,TV,LED TV 75 INCH,11414000
PLD 100QV5925,POLYTRON-PLD 100QV5925,POLYTRON,TV,LED TV 100 INCH,30067000
PRA 15CRX/C,POLYTRON-PRA 15CRX/C,POLYTRON,Kulkas,"KULKAS 1 PINTU, GLASS",1821000
PRA 15DRX/D,POLYTRON-PRA 15DRX/D,POLYTRON,Kulkas,"KULKAS 1 PINTU, GLASS",1837000
PRA 16CRX/C,POLYTRON-PRA 16CRX/C,POLYTRON,Kulkas,"KULKAS 1 PINTU, GLASS",1918000
PRA 16DRX/D,POLYTRON-PRA 16DRX/D,POLYTRON,Kulkas,"KULKAS 1 PINTU, GLASS",1934000
PRA 17CRX/C,POLYTRON-PRA 17CRX/C,POLYTRON,Kulkas,"KULKAS 1 PINTU, GLASS",2034000
PRA 17DRX/D,POLYTRON-PRA 17DRX/D,POLYTRON,Kulkas,"KULKAS 1 PINTU, GLASS",2048000
PRA 18CRX/C,POLYTRON-PRA 18CRX/C,POLYTRON,Kulkas,"KULKAS 1 PINTU, GLASS",2162000
PRA 18DRX,POLYTRON-PRA 18DRX,POLYTRON,Kulkas,"KULKAS 1 PINTU, GLASS",2175000
PRA 18MNX,POLYTRON-PRA 18MNX,POLYTRON,Kulkas,"KULKAS 1 PINTU, GLASS",2199000
PRA 18MO/MT,POLYTRON-PRA 18MO/MT,POLYTRON,Kulkas,"KULKAS 1 PINTU, GLASS",2204000
PRB 157,POLYTRON-PRB 157,POLYTRON,Kulkas,"KULKAS 1 PINTU, METALIC",1785000
PRB 159B/R,POLYTRON-PRB 159B/R,POLYTRON,Kulkas,"KULKAS 1 PINTU, METALIC",1774000
PRB 177 PR/LB/TY,POLYTRON-PRB 177 PR/LB/TY,POLYTRON,Kulkas,"KULKAS 1 PINTU, METALIC",1912000
PRB 179B/R,POLYTRON-PRB 179B/R,POLYTRON,Kulkas,"KULKAS 1 PINTU, METALIC",1902000
PRB 186RS,POLYTRON-PRB 186RS,POLYTRON,Kulkas,"KULKAS 1 PINTU, METALIC",2037000
PRB 187 PR/LB/TY,POLYTRON-PRB 187 PR/LB/TY,POLYTRON,Kulkas,"KULKAS 1 PINTU, METALIC",2053000
PRB 189B/R,POLYTRON-PRB 189B/R,POLYTRON,Kulkas,"KULKAS 1 PINTU, METALIC",2042000
PRH 51R/X,POLYTRON-PRH 51R/X,POLYTRON,Kulkas,KULKAS HOTEL,1414000
PRB 200Y/R,POLYTRON-PRB 200Y/R,POLYTRON,Kulkas,"KULKAS 2 PINTU, METALIC",2784000
PRB 217,POLYTRON-PRB 217,POLYTRON,Kulkas,"KULKAS 2 PINTU, METALIC",2878000
PRB 219B/R,POLYTRON-PRB 219B/R,POLYTRON,Kulkas,"KULKAS 2 PINTU, METALIC",2866000
PRB 237,POLYTRON-PRB 237,POLYTRON,Kulkas,"KULKAS 2 PINTU, METALIC",3009000
PRM 20CLD/CRD,POLYTRON-PRM 20CLD/CRD,POLYTRON,Kulkas,"KULKAS 2 PINTU, GLASS DOOR",2834000
PRM 21CRX/C,POLYTRON-PRM 21CRX/C,POLYTRON,Kulkas,"KULKAS 2 PINTU, GLASS DOOR",2963000
PRM 21DRX/D,POLYTRON-PRM 21DRX/D,POLYTRON,Kulkas,"KULKAS 2 PINTU, GLASS DOOR",3004000
PRM 23DRX,POLYTRON-PRM 23DRX,POLYTRON,Kulkas,"KULKAS 2 PINTU, GLASS DOOR",3160000
PRM 431X,POLYTRON-PRM 431X,POLYTRON,Kulkas,KULKAS BIG LITER,5263000
PRM 491X,POLYTRON-PRM 491X,POLYTRON,Kulkas,KULKAS BIG LITER,5586000
PRM 495X,POLYTRON-PRM 495X,POLYTRON,Kulkas,KULKAS BIG LITER,5833000
PRW 23MN,POLYTRON-PRW 23MN,POLYTRON,Kulkas,KULKAS 2 PINTU,3153000
PRW 23MNXC,POLYTRON-PRW 23MNXC,POLYTRON,Kulkas,KULKAS 2 PINTU,3205000
PRW 23MO/MT,POLYTRON-PRW 23MO/MT,POLYTRON,Kulkas,KULKAS 2 PINTU,3164000
PRW 23V,POLYTRON-PRW 23V,POLYTRON,Kulkas,KULKAS 2 PINTU,3433000
PRW 23VXC,POLYTRON-PRW 23VXC,POLYTRON,Kulkas,KULKAS 2 PINTU,3490000
PRW 25MN,POLYTRON-PRW 25MN,POLYTRON,Kulkas,KULKAS 2 PINTU,3356000
PRW 25MNXC,POLYTRON-PRW 25MNXC,POLYTRON,Kulkas,KULKAS 2 PINTU,3408000
PRW 25MO/MT,POLYTRON-PRW 25MO/MT,POLYTRON,Kulkas,KULKAS 2 PINTU,3367000
PRW 25V,POLYTRON-PRW 25V,POLYTRON,Kulkas,KULKAS 2 PINTU,3553000
PRW 25VXC,POLYTRON-PRW 25VXC,POLYTRON,Kulkas,KULKAS 2 PINTU,3609000
PRW 29HB,POLYTRON-PRW 29HB,POLYTRON,Kulkas,KULKAS 2 PINTU,3774000
PRW 29HBC,POLYTRON-PRW 29HBC,POLYTRON,Kulkas,KULKAS 2 PINTU,3823000
PRW 29MN,POLYTRON-PRW 29MN,POLYTRON,Kulkas,KULKAS 2 PINTU,3672000
PRW 29MNXC,POLYTRON-PRW 29MNXC,POLYTRON,Kulkas,KULKAS 2 PINTU,3724000
PRW 29MO/MT,POLYTRON-PRW 29MO/MT,POLYTRON,Kulkas,KULKAS 2 PINTU,3684000
PRW 29V,POLYTRON-PRW 29V,POLYTRON,Kulkas,KULKAS 2 PINTU,4063000
PRW 29VXC,POLYTRON-PRW 29VXC,POLYTRON,Kulkas,KULKAS 2 PINTU,4120000
PRS 451Y,POLYTRON-PRS 451Y,POLYTRON,Kulkas,KULKAS SIDE BY SIDE,6901000
PRS 465X,POLYTRON-PRS 465X,POLYTRON,Kulkas,KULKAS SIDE BY SIDE,7299000
PRS 480X,POLYTRON-PRS 480X,POLYTRON,Kulkas,KULKAS SIDE BY SIDE,7862000
PRS 510X,POLYTRON-PRS 510X,POLYTRON,Kulkas,KULKAS SIDE BY SIDE,8158000
PRS 521Y,POLYTRON-PRS 521Y,POLYTRON,Kulkas,KULKAS SIDE BY SIDE,6932000
PRS 551X,POLYTRON-PRS 551X,POLYTRON,Kulkas,KULKAS SIDE BY SIDE,8967000
PFL 7108,POLYTRON-PFL 7108,POLYTRON,Mesin Cuci,MESIN CUCI FRONT LOAD,3512000
PFL 8108,POLYTRON-PFL 8108,POLYTRON,Mesin Cuci,MESIN CUCI FRONT LOAD,3710000
PWM 1076,POLYTRON-PWM 1076,POLYTRON,Mesin Cuci,MESIN CUCI 2 TABUNG,1957000
PWM 1081,POLYTRON-PWM 1081,POLYTRON,Mesin Cuci,MESIN CUCI 2 TABUNG,2023000
PWM 1203,POLYTRON-PWM 1203,POLYTRON,Mesin Cuci,MESIN CUCI 2 TABUNG,2416000
PWM 1403,POLYTRON-PWM 1403,POLYTRON,Mesin Cuci,MESIN CUCI 2 TABUNG,2677000
PWM 7072,POLYTRON-PWM 7072,POLYTRON,Mesin Cuci,MESIN CUCI 2 TABUNG,1382000
PWM 7073,POLYTRON-PWM 7073,POLYTRON,Mesin Cuci,MESIN CUCI 2 TABUNG,1354000
PWM 7076,POLYTRON-PWM 7076,POLYTRON,Mesin Cuci,MESIN CUCI 2 TABUNG,1373000
PWM 7081,POLYTRON-PWM 7081,POLYTRON,Mesin Cuci,MESIN CUCI 2 TABUNG,1399000
PWM 8072,POLYTRON-PWM 8072,POLYTRON,Mesin Cuci,MESIN CUCI 2 TABUNG,1498000
PWM 8073,POLYTRON-PWM 8073,POLYTRON,Mesin Cuci,MESIN CUCI 2 TABUNG,1465000
PWM 8076,POLYTRON-PWM 8076,POLYTRON,Mesin Cuci,MESIN CUCI 2 TABUNG,1485000
PWM 8081,POLYTRON-PWM 8081,POLYTRON,Mesin Cuci,MESIN CUCI 2 TABUNG,1519000
PWM 9072,POLYTRON-PWM 9072,POLYTRON,Mesin Cuci,MESIN CUCI 2 TABUNG,1747000
PWM 9076,POLYTRON-PWM 9076,POLYTRON,Mesin Cuci,MESIN CUCI 2 TABUNG,1674000
PWM 9081,POLYTRON-PWM 9081,POLYTRON,Mesin Cuci,MESIN CUCI 2 TABUNG,1765000
PAW 1029Y,POLYTRON-PAW 1029Y,POLYTRON,Mesin Cuci,MESIN CUCI 1 TABUNG,3080000
PAW 7029Y,POLYTRON-PAW 7029Y,POLYTRON,Mesin Cuci,MESIN CUCI 1 TABUNG,2360000
PAW 8029Y,POLYTRON-PAW 8029Y,POLYTRON,Mesin Cuci,MESIN CUCI 1 TABUNG,2561000
PAW 9029Y,POLYTRON-PAW 9029Y,POLYTRON,Mesin Cuci,MESIN CUCI 1 TABUNG,2850000
PAW 1028Y,POLYTRON-PAW 1028Y,POLYTRON,Mesin Cuci,MESIN CUCI 1 TABUNG,3075000
PAW 7028Y,POLYTRON-PAW 7028Y,POLYTRON,Mesin Cuci,MESIN CUCI 1 TABUNG,2461000
PAW 8028Y,POLYTRON-PAW 8028Y,POLYTRON,Mesin Cuci,MESIN CUCI 1 TABUNG,2571000
PAW 9028Y,POLYTRON-PAW 9028Y,POLYTRON,Mesin Cuci,MESIN CUCI 1 TABUNG,2859000
PWC 500X,POLYTRON-PWC 500X,POLYTRON,Dispenser,DISPENSER,1582000
PWC 600,POLYTRON-PWC 600,POLYTRON,Dispenser,DISPENSER,1554000
PWC 615X,POLYTRON-PWC 615X,POLYTRON,Dispenser,DISPENSER,1897000
PWC 776,POLYTRON-PWC 776,POLYTRON,Dispenser,DISPENSER,2176000
PWC 778XUV,POLYTRON-PWC 778XUV,POLYTRON,Dispenser,DISPENSER,2549000
PWC 887,POLYTRON-PWC 887,POLYTRON,Dispenser,DISPENSER,2282000
PWC 888,POLYTRON-PWC 888,POLYTRON,Dispenser,DISPENSER,2650000
PEO 22B2B,POLYTRON-PEO 22B2B,POLYTRON,Oven Listrik,ELECTRIC OVEN,667000
PEO 22B2W,POLYTRON-PEO 22B2W,POLYTRON,Oven Listrik,ELECTRIC OVEN,677000
PEO 25S1G,POLYTRON-PEO 25S1G,POLYTRON,Oven Listrik,ELECTRIC OVEN,1038000
PEO 25S2N,POLYTRON-PEO 25S2N,POLYTRON,Oven Listrik,ELECTRIC OVEN,1038000
PEO 33B2B,POLYTRON-PEO 33B2B,POLYTRON,Oven Listrik,ELECTRIC OVEN,1032000
PEO 33B2W,POLYTRON-PEO 33B2W,POLYTRON,Oven Listrik,ELECTRIC OVEN,1042000
PCA 200D,POLYTRON-PCA 200D,POLYTRON,Air Cooler,AIR COOLER,901000
PFC 101W,POLYTRON-PFC 101W,POLYTRON,Kipas Angin,KIPAS ANGIN,625000
PRC 2151S,POLYTRON-PRC 2151S,POLYTRON,Kipas Angin,KIPAS ANGIN,561000
PCF 118,POLYTRON-PCF 118,POLYTRON,Freezer,CHEST FREEZER,1949000
PCF 218,POLYTRON-PCF 218,POLYTRON,Freezer,CHEST FREEZER,2503000
PCF 318,POLYTRON-PCF 318,POLYTRON,Freezer,CHEST FREEZER,3154000
PCF 129,POLYTRON-PCF 129,POLYTRON,Freezer,CHEST FREEZER,2853000
PCF 229,POLYTRON-PCF 229,POLYTRON,Freezer,CHEST FREEZER,3629000
PCF 329,POLYTRON-PCF 329,POLYTRON,Freezer,CHEST FREEZER,4815000
PCF 618,POLYTRON-PCF 618,POLYTRON,Freezer,CHEST FREEZER,5683000
PCF 1218,POLYTRON-PCF 1218,POLYTRON,Freezer,CHEST FREEZER,10190000
SCH 51,POLYTRON-SCH 51,POLYTRON,Showcase,SHOWCASE,1708000
SCN 190,POLYTRON-SCN 190,POLYTRON,Showcase,SHOWCASE,3364000
SCN 220,POLYTRON-SCN 220,POLYTRON,Showcase,SHOWCASE,3588000
SCN 227,POLYTRON-SCN 227,POLYTRON,Showcase,SHOWCASE,3687000
SCN 228,POLYTRON-SCN 228,POLYTRON,Showcase,SHOWCASE,3896000
SCN 280,POLYTRON-SCN 280,POLYTRON,Showcase,SHOWCASE,3863000
SCN 287,POLYTRON-SCN 287,POLYTRON,Showcase,SHOWCASE,3962000
SCN 288,POLYTRON-SCN 288,POLYTRON,Showcase,SHOWCASE,4171000
SCN 610,POLYTRON-SCN 610,POLYTRON,Showcase,SHOWCASE,9473000
SCN 1301,POLYTRON-SCN 1301,POLYTRON,Showcase,SHOWCASE,14553000
PPS 10L22,POLYTRON-PPS 10L22,POLYTRON,Speaker,SPEAKER PARTY,2648000
PPS 8L12,POLYTRON-PPS 8L12,POLYTRON,Speaker,SPEAKER PARTY,1503000
PPS 8L22,POLYTRON-PPS 8L22,POLYTRON,Speaker,SPEAKER PARTY,1907000
PPS PRO 7M22,POLYTRON-PPS PRO 7M22,POLYTRON,Speaker,SPEAKER PARTY,2104000
PAS 10DF22,POLYTRON-PAS 10DF22,POLYTRON,Speaker,SPEAKER AKTIF,2867000
PAS 10DF28,POLYTRON-PAS 10DF28,POLYTRON,Speaker,SPEAKER AKTIF,2984000
PAS 10DF38,POLYTRON-PAS 10DF38,POLYTRON,Speaker,SPEAKER AKTIF,3661000
PAS 10DK19,POLYTRON-PAS 10DK19,POLYTRON,Speaker,SPEAKER AKTIF,1488000
PAS 10DK39,POLYTRON-PAS 10DK39,POLYTRON,Speaker,SPEAKER AKTIF,3859000
PAS 8BF22,POLYTRON-PAS 8BF22,POLYTRON,Speaker,SPEAKER AKTIF,1943000
PAS 8BF28,POLYTRON-PAS 8BF28,POLYTRON,Speaker,SPEAKER AKTIF,2060000
PAS 8CF28,POLYTRON-PAS 8CF28,POLYTRON,Speaker,SPEAKER AKTIF,2309000
PAS 8E10,POLYTRON-PAS 8E10,POLYTRON,Speaker,SPEAKER AKTIF,938000
PAS 8E12,POLYTRON-PAS 8E12,POLYTRON,Speaker,SPEAKER AKTIF,964000
PAS 8E20,POLYTRON-PAS 8E20,POLYTRON,Speaker,SPEAKER AKTIF,1641000
PAS 8EF22,POLYTRON-PAS 8EF22,POLYTRON,Speaker,SPEAKER AKTIF,1746000
PAS 8EF28,POLYTRON-PAS 8EF28,POLYTRON,Speaker,SPEAKER AKTIF,1850000
PAS 8F12,POLYTRON-PAS 8F12,POLYTRON,Speaker,SPEAKER AKTIF,988000
PAS 8FF22,POLYTRON-PAS 8FF22,POLYTRON,Speaker,SPEAKER AKTIF,1796000
PAS 8FF28,POLYTRON-PAS 8FF28,POLYTRON,Speaker,SPEAKER AKTIF,1901000
PAS 8FN29,POLYTRON-PAS 8FN29,POLYTRON,Speaker,SPEAKER AKTIF,1945000
PASPRO 15GP3,POLYTRON-PASPRO 15GP3,POLYTRON,Speaker,SPEAKER PROFESIONAL PORTABLE,3567000
PAS PRO10F7,POLYTRON-PAS PRO10F7,POLYTRON,Speaker,SPEAKER PROFESIONAL PORTABLE,1742000
PAS PRO12F3,POLYTRON-PAS PRO12F3,POLYTRON,Speaker,SPEAKER PROFESIONAL PORTABLE,2733000
PAS PRO12F7,POLYTRON-PAS PRO12F7,POLYTRON,Speaker,SPEAKER PROFESIONAL PORTABLE,1914000
PAS PRO15F3,POLYTRON-PAS PRO15F3,POLYTRON,Speaker,SPEAKER PROFESIONAL PORTABLE,3004000
PAS PRO15F5,POLYTRON-PAS PRO15F5,POLYTRON,Speaker,SPEAKER PROFESIONAL PORTABLE,2545000
PAS PRO15F7,POLYTRON-PAS PRO15F7,POLYTRON,Speaker,SPEAKER PROFESIONAL PORTABLE,2167000
PAS PRO8F3,POLYTRON-PAS PRO8F3,POLYTRON,Speaker,SPEAKER PROFESIONAL PORTABLE,1787000
PMA 9310,POLYTRON-PMA 9310,POLYTRON,Speaker,SPEAKER MULTIMEDIA,606000
PMA 9321,POLYTRON-PMA 9321,POLYTRON,Speaker,SPEAKER MULTIMEDIA,666000
PMA 9522,POLYTRON-PMA 9522,POLYTRON,Speaker,SPEAKER MULTIMEDIA,938000
PMA 9525,POLYTRON-PMA 9525,POLYTRON,Speaker,SPEAKER MULTIMEDIA,904000
PMA 9526,POLYTRON-PMA 9526,POLYTRON,Speaker,SPEAKER MULTIMEDIA,969000
PMA 9527,POLYTRON-PMA 9527,POLYTRON,Speaker,SPEAKER MULTIMEDIA,1012000
